{
    "angle": 0.063568,
    "curLapTime": 13.43,
    "damage": 1.0,
    "distFromStart": 225.305,
    "distRaced": 250.304,
    "fuel": 93.8944,
    "gear": 1.0,
    "lastLapTime": 0.0,
    "opponents": [
        200.0,
        200.0,
        200.0,
        200.0,
        200.0,
        200.0,
        200.0,
        200.0,
        200.0,
        200.0,
        200.0,
        200.0,
        200.0,
        200.0,
        200.0,
        200.0,
        200.0,
        200.0,
        200.0,
        200.0,
        200.0,
        200.0,
        200.0,
        200.0,
        200.0,
        200.0,
        200.0,
        200.0,
        200.0,
        200.0,
        200.0,
        200.0,
        200.0,
        200.0,
        200.0,
        200.0
    ],
    "racePos": 1.0,
    "rpm": 9857.62,
    "speedX": 82.7575,
    "speedY": 5.19731,
    "speedZ": 0.928432,
    "track": [
        -1.0,
        -1.0,
        -1.0,
        -1.0,
        -1.0,
        -1.0,
        -1.0,
        -1.0,
        -1.0,
        -1.0,
        -1.0,
        -1.0,
        -1.0,
        -1.0,
        -1.0,
        -1.0,
        -1.0,
        -1.0,
        -1.0
    ],
    "trackPos": -1.16155,
    "wheelSpinVel": [
        69.3908,
        69.3671,
        72.5635,
        71.3426
    ],
    "z": 0.341265,
    "focus": [
        -1.0,
        -1.0,
        -1.0,
        -1.0,
        -1.0
    ],
    "x": 852.95,
    "y": 1163.08,
    "roll": -0.00173066,
    "pitch": -0.00759361,
    "yaw": -0.063568,
    "speedGlobalX": 23.0335,
    "speedGlobalY": []
}